episode,return,steps
0,0.0,256
1,0.0,256
2,0.0,256
3,0.0,256
4,0.0,256
5,0.0,256
6,0.0,256
7,0.0,256
8,0.0,256
9,0.0,256
10,0.0,256
11,0.0,256
12,0.0,256
13,0.0,256
14,0.0,256
15,0.0,256
16,0.0,256
17,0.0,256
18,0.0,256
19,0.0,256
20,0.0,256
21,0.0,256
22,0.0,256
23,0.0,256
24,0.0,256
25,0.0,256
26,0.0,256
27,0.0,256
28,0.0,256
29,0.0,256
30,0.0,256
31,0.0,256
32,0.0,256
33,0.0,256
34,0.0,256
35,0.0,256
36,0.0,256
37,0.0,256
38,0.0,256
39,0.0,256
40,0.0,256
41,0.0,256
42,0.0,256
43,0.0,256
44,0.0,256
45,0.0,256
46,0.0,256
47,0.0,256
48,0.0,256
49,0.0,256
50,0.0,256
51,0.0,256
52,0.0,256
53,0.0,256
54,0.0,256
55,0.0,256
56,0.0,256
57,0.0,256
58,0.0,256
59,0.0,256
60,0.0,256
61,0.0,256
62,0.0,256
63,0.0,256
64,0.0,256
65,0.0,256
66,0.0,256
67,0.0,256
68,0.0,256
69,0.0,256
70,0.0,256
71,0.0,256
72,0.0,256
73,0.0,256
74,0.0,256
75,0.0,256
76,0.0,256
77,0.0,256
78,0.0,256
79,0.0,256
80,0.0,256
81,0.0,256
82,0.0,256
83,0.0,256
84,0.0,256
85,0.0,256
86,0.0,256
87,0.0,256
88,0.0,256
89,0.0,256
90,0.0,256
91,0.0,256
92,0.0,256
93,0.0,256
94,0.0,256
95,0.0,256
96,0.0,256
97,0.0,256
98,0.0,256
99,0.0,256
100,0.0,256
101,0.0,256
102,0.0,256
103,0.0,256
104,0.0,256
105,0.0,256
106,0.0,256
107,0.0,256
108,0.0,256
109,0.0,256
110,0.0,256
111,0.0,256
112,0.0,256
113,0.0,256
114,0.0,256
115,0.0,256
116,0.0,256
117,0.0,256
118,0.0,256
119,0.0,256
120,0.0,256
121,0.0,256
122,0.0,256
123,0.0,256
124,0.0,256
125,0.0,256
126,0.0,256
127,0.0,256
128,0.0,256
129,0.0,256
130,0.0,256
131,0.0,256
132,0.0,256
133,0.0,256
134,0.0,256
135,0.0,256
136,0.0,256
137,0.0,256
138,0.0,256
139,0.0,256
140,0.0,256
141,0.0,256
142,0.0,256
143,0.0,256
144,0.0,256
145,0.0,256
146,0.0,256
147,0.0,256
148,0.0,256
149,0.0,256
150,0.0,256
151,0.0,256
152,0.0,256
153,0.0,256
154,0.0,256
155,0.0,256
156,0.0,256
157,0.0,256
158,0.0,256
159,0.0,256
160,0.0,256
161,0.0,256
162,0.0,256
163,0.0,256
164,0.0,256
165,0.0,256
166,0.0,256
167,0.0,256
168,0.0,256
169,0.0,256
170,0.0,256
171,0.0,256
172,0.0,256
173,0.0,256
174,0.0,256
175,0.0,256
176,0.0,256
177,0.0,256
178,0.0,256
179,0.0,256
180,0.0,256
181,0.0,256
182,0.0,256
183,0.0,256
184,0.0,256
185,0.0,256
186,0.0,256
187,0.0,256
188,0.0,256
189,0.0,256
190,0.0,256
191,0.0,256
192,0.0,256
193,0.0,256
194,0.0,256
195,0.0,256
196,0.0,256
197,0.0,256
198,0.0,256
199,0.0,256
200,0.0,256
201,0.0,256
202,0.0,256
203,0.0,256
204,0.0,256
205,0.0,256
206,0.0,256
207,0.0,256
208,0.0,256
209,0.0,256
210,0.0,256
211,0.0,256
212,0.0,256
213,0.0,256
214,0.0,256
215,0.0,256
216,0.0,256
217,0.0,256
218,0.0,256
219,0.0,256
220,0.0,256
221,0.0,256
222,0.0,256
223,0.0,256
224,0.0,256
225,0.0,256
226,0.0,256
227,0.0,256
228,0.0,256
229,0.0,256
230,0.0,256
231,0.0,256
232,0.0,256
233,0.0,256
234,0.0,256
235,0.0,256
236,0.0,256
237,0.0,256
238,0.0,256
239,0.0,256
240,0.0,256
241,0.0,256
242,0.0,256
243,0.0,256
244,0.0,256
245,0.0,256
246,0.0,256
247,0.0,256
248,0.0,256
249,0.0,256
250,0.0,256
251,0.0,256
252,0.0,256
253,0.0,256
254,0.0,256
255,0.0,256
256,0.0,256
257,0.0,256
258,0.0,256
259,0.0,256
260,0.0,256
261,0.0,256
262,0.0,256
263,0.0,256
264,0.0,256
265,0.0,256
266,0.0,256
267,0.0,256
268,0.0,256
269,0.0,256
270,0.0,256
271,0.0,256
272,0.0,256
273,0.0,256
274,0.0,256
275,0.0,256
276,0.0,256
277,0.0,256
278,0.0,256
279,0.0,256
280,0.0,256
281,0.0,256
282,0.0,256
283,0.0,256
284,0.0,256
285,0.0,256
286,0.0,256
287,0.0,256
288,0.0,256
289,0.0,256
290,0.0,256
291,0.0,256
292,0.0,256
293,0.0,256
294,0.0,256
295,0.0,256
296,0.0,256
297,0.0,256
298,0.0,256
299,0.0,256
300,0.0,256
301,0.0,256
302,0.0,256
303,0.0,256
304,0.0,256
305,0.0,256
306,0.0,256
307,0.0,256
308,0.0,256
309,0.0,256
310,0.0,256
311,0.0,256
312,0.0,256
313,0.0,256
314,0.0,256
315,0.0,256
316,0.0,256
317,0.0,256
318,0.0,256
319,0.0,256
320,0.0,256
321,0.0,256
322,0.0,256
323,0.0,256
324,0.0,256
325,0.0,256
326,0.0,256
327,0.0,256
328,0.0,256
329,0.0,256
330,0.0,256
331,0.0,256
332,0.0,256
333,0.0,256
334,0.0,256
335,0.0,256
336,0.0,256
337,0.0,256
338,0.0,256
339,0.0,256
340,0.0,256
341,0.0,256
342,0.0,256
343,0.0,256
344,0.0,256
345,0.0,256
346,0.0,256
347,0.0,256
348,0.0,256
349,0.0,256
350,0.0,256
351,0.0,256
352,0.0,256
353,0.0,256
354,0.0,256
355,0.0,256
356,0.0,256
357,0.0,256
358,0.0,256
359,0.0,256
360,0.0,256
361,0.0,256
362,0.0,256
363,0.0,256
364,0.0,256
365,0.0,256
366,0.0,256
367,0.0,256
368,0.0,256
369,0.0,256
370,0.0,256
371,0.0,256
372,0.0,256
373,0.0,256
374,0.0,256
375,0.0,256
376,0.0,256
377,0.0,256
378,0.0,256
379,0.0,256
380,0.0,256
381,0.0,256
382,0.0,256
383,0.0,256
384,0.0,256
385,0.0,256
386,0.0,256
387,0.0,256
388,0.0,256
389,0.0,256
390,0.0,256
391,0.0,256
392,0.0,256
393,0.0,256
394,0.0,256
395,0.0,256
396,0.0,256
397,0.0,256
398,0.0,256
399,0.0,256
400,0.0,256
401,0.0,256
402,0.0,256
403,0.0,256
404,0.0,256
405,0.0,256
406,0.0,256
407,0.0,256
408,0.0,256
409,0.0,256
410,0.0,256
411,0.0,256
412,0.0,256
413,0.0,256
414,0.0,256
415,0.0,256
416,0.0,256
417,0.0,256
418,0.0,256
419,0.0,256
420,0.0,256
421,0.0,256
422,0.0,256
423,0.0,256
424,0.0,256
425,0.0,256
426,0.0,256
427,0.0,256
428,0.0,256
429,0.0,256
430,0.0,256
431,0.0,256
432,0.0,256
433,0.0,256
434,0.0,256
435,0.0,256
436,0.0,256
437,0.0,256
438,0.0,256
439,0.0,256
440,0.0,256
441,0.0,256
442,0.0,256
443,0.0,256
444,0.0,256
445,0.0,256
446,0.0,256
447,0.0,256
448,0.0,256
449,0.0,256
450,0.0,256
451,0.0,256
452,0.0,256
453,0.0,256
454,0.0,256
455,0.0,256
456,0.0,256
457,0.0,256
458,0.0,256
459,0.0,256
460,0.0,256
461,0.0,256
462,0.0,256
463,0.0,256
464,0.0,256
465,0.0,256
466,0.0,256
467,0.0,256
468,0.0,256
469,0.0,256
470,0.0,256
471,0.0,256
472,0.0,256
473,0.0,256
474,0.0,256
475,0.0,256
476,0.0,256
477,0.0,256
478,0.0,256
479,0.0,256
480,0.0,256
481,0.0,256
482,0.0,256
483,0.0,256
484,0.0,256
485,0.0,256
486,0.0,256
487,0.0,256
488,0.0,256
489,0.0,256
490,0.0,256
491,0.0,256
492,0.0,256
493,0.0,256
494,0.0,256
495,0.0,256
496,0.0,256
497,0.0,256
498,0.0,256
499,0.0,256
500,0.0,256
501,0.0,256
502,0.0,256
503,0.0,256
504,0.0,256
505,0.0,256
506,0.0,256
507,0.0,256
508,0.0,256
509,0.0,256
510,0.0,256
511,0.0,256
512,0.0,256
513,0.0,256
514,0.0,256
515,0.0,256
516,0.0,256
517,0.0,256
518,0.0,256
519,0.0,256
520,0.0,256
521,0.0,256
522,0.0,256
523,0.0,256
524,0.0,256
525,0.0,256
526,0.0,256
527,0.0,256
528,0.0,256
529,0.0,256
530,0.0,256
531,0.0,256
532,0.0,256
533,0.0,256
534,0.0,256
535,0.0,256
536,0.0,256
537,0.0,256
538,0.0,256
539,0.0,256
540,0.0,256
541,0.0,256
542,0.0,256
543,0.0,256
544,0.0,256
545,0.0,256
546,0.0,256
547,0.0,256
548,0.0,256
549,0.0,256
550,0.0,256
551,0.0,256
552,0.0,256
553,0.0,256
554,0.0,256
555,0.0,256
556,0.0,256
557,0.0,256
558,0.0,256
559,0.0,256
560,0.0,256
561,0.0,256
562,0.0,256
563,0.0,256
564,0.0,256
565,0.0,256
566,0.0,256
567,0.0,256
568,0.0,256
569,0.0,256
570,0.0,256
571,0.0,256
572,0.0,256
573,0.0,256
574,0.0,256
575,0.0,256
576,0.0,256
577,0.0,256
578,0.0,256
579,0.0,256
580,0.0,256
581,0.0,256
582,0.0,256
583,0.0,256
584,0.0,256
585,0.0,256
586,0.0,256
587,0.0,256
588,0.0,256
589,0.0,256
590,0.0,256
591,0.0,256
592,0.0,256
593,0.0,256
594,0.0,256
595,0.0,256
596,0.0,256
597,0.0,256
598,0.0,256
599,0.0,256
600,0.0,256
601,0.0,256
602,0.0,256
603,0.0,256
604,0.0,256
605,0.0,256
606,0.0,256
607,0.0,256
608,0.0,256
609,0.0,256
610,0.0,256
611,0.0,256
612,0.0,256
613,0.0,256
614,0.0,256
615,0.0,256
616,0.0,256
617,0.0,256
618,0.0,256
619,0.0,256
620,0.0,256
621,0.0,256
622,0.0,256
623,0.0,256
624,0.0,256
625,0.0,256
626,0.0,256
627,0.0,256
628,0.0,256
629,0.0,256
630,0.0,256
631,0.0,256
632,0.0,256
633,0.0,256
634,0.0,256
635,0.0,256
636,0.0,256
637,0.0,256
638,0.0,256
639,0.0,256
640,0.0,256
641,0.0,256
642,0.0,256
643,0.0,256
644,0.0,256
645,0.0,256
646,0.0,256
647,0.0,256
648,0.0,256
649,0.0,256
650,0.0,256
651,0.0,256
652,0.0,256
653,0.0,256
654,0.0,256
655,0.0,256
656,0.0,256
657,0.0,256
658,0.0,256
659,0.0,256
660,0.0,256
661,0.0,256
662,0.0,256
663,0.0,256
664,0.0,256
665,0.0,256
666,0.0,256
667,0.0,256
668,0.0,256
669,0.0,256
670,0.0,256
671,0.0,256
672,0.0,256
673,0.0,256
674,0.0,256
675,0.0,256
676,0.0,256
677,0.0,256
678,0.0,256
679,0.0,256
680,0.0,256
681,0.0,256
682,0.0,256
683,0.0,256
684,0.0,256
685,0.0,256
686,0.0,256
687,0.0,256
688,0.0,256
689,0.0,256
690,0.0,256
691,0.0,256
692,0.0,256
693,0.0,256
694,0.0,256
695,0.0,256
696,0.0,256
697,0.0,256
698,0.0,256
699,0.0,256
700,0.0,256
701,0.0,256
702,0.0,256
703,0.0,256
704,0.0,256
705,0.0,256
706,0.0,256
707,0.0,256
708,0.0,256
709,0.0,256
710,0.0,256
711,0.0,256
712,0.0,256
713,0.0,256
714,0.0,256
715,0.0,256
716,0.0,256
717,0.0,256
718,0.0,256
719,0.0,256
720,0.0,256
721,0.0,256
722,0.0,256
723,0.0,256
724,0.0,256
725,0.0,256
726,0.0,256
727,0.0,256
728,0.0,256
729,0.0,256
730,0.0,256
731,0.0,256
732,0.0,256
733,0.0,256
734,0.0,256
735,0.0,256
736,0.0,256
737,0.0,256
738,0.0,256
739,0.0,256
740,0.0,256
741,0.0,256
742,0.0,256
743,0.0,256
744,0.0,256
745,0.0,256
746,0.0,256
747,0.0,256
748,0.0,256
749,0.0,256
750,0.0,256
751,0.0,256
752,0.0,256
753,0.0,256
754,0.0,256
755,0.0,256
756,0.0,256
757,0.0,256
758,0.0,256
759,0.0,256
760,0.0,256
761,0.0,256
762,0.0,256
763,0.0,256
764,0.0,256
765,0.0,256
766,0.0,256
767,0.0,256
768,0.0,256
769,0.0,256
770,0.0,256
771,0.0,256
772,0.0,256
773,0.0,256
774,0.0,256
775,0.0,256
776,0.0,256
777,0.0,256
778,0.0,256
779,0.0,256
780,0.0,256
781,0.0,256
782,0.0,256
783,0.0,256
784,0.0,256
785,0.0,256
786,0.0,256
787,0.0,256
788,0.0,256
789,0.0,256
790,0.0,256
791,0.0,256
792,0.0,256
793,0.0,256
794,0.0,256
795,0.0,256
796,0.0,256
797,0.0,256
798,0.0,256
799,0.0,256
800,0.0,256
801,0.0,256
802,0.0,256
803,0.0,256
804,0.0,256
805,0.0,256
806,0.0,256
807,0.0,256
808,0.0,256
809,0.0,256
810,0.0,256
811,0.0,256
812,0.0,256
813,0.0,256
814,0.0,256
815,0.0,256
816,0.0,256
817,0.0,256
818,0.0,256
819,0.0,256
820,0.0,256
821,0.0,256
822,0.0,256
823,0.0,256
824,0.0,256
825,0.0,256
826,0.0,256
827,0.0,256
828,0.0,256
829,0.0,256
830,0.0,256
831,0.0,256
832,0.0,256
833,0.0,256
834,0.0,256
835,0.0,256
836,0.0,256
837,0.0,256
838,0.0,256
839,0.0,256
840,0.0,256
841,0.0,256
842,0.0,256
843,0.0,256
844,0.0,256
845,0.0,256
846,0.0,256
847,0.0,256
848,0.0,256
849,0.0,256
850,0.0,256
851,0.0,256
852,0.0,256
853,0.0,256
854,0.0,256
855,0.0,256
856,0.0,256
857,0.0,256
858,0.0,256
859,0.0,256
860,0.0,256
861,0.0,256
862,0.0,256
863,0.0,256
864,0.0,256
865,0.0,256
866,0.0,256
867,0.0,256
868,0.0,256
869,0.0,256
870,0.0,256
871,0.0,256
872,0.0,256
873,0.0,256
874,0.0,256
875,0.0,256
876,0.0,256
877,0.0,256
878,0.0,256
879,0.0,256
880,0.0,256
881,0.0,256
882,0.0,256
883,0.0,256
884,0.0,256
885,0.0,256
886,0.0,256
887,0.0,256
888,0.0,256
889,0.0,256
890,0.0,256
891,0.0,256
892,0.0,256
893,0.0,256
894,0.0,256
895,0.0,256
896,0.0,256
897,0.0,256
898,0.0,256
899,0.0,256
900,0.0,256
901,0.0,256
902,0.0,256
903,0.0,256
904,0.0,256
905,0.0,256
906,0.0,256
907,0.0,256
908,0.0,256
909,0.0,256
910,0.0,256
911,0.0,256
912,0.0,256
913,0.0,256
914,0.0,256
915,0.0,256
916,0.0,256
917,0.0,256
918,0.0,256
919,0.0,256
920,0.0,256
921,0.0,256
922,0.0,256
923,0.0,256
924,0.0,256
925,0.0,256
926,0.0,256
927,0.0,256
928,0.0,256
929,0.0,256
930,0.0,256
931,0.0,256
932,0.0,256
933,0.0,256
934,0.0,256
935,0.0,256
936,0.0,256
937,0.0,256
938,0.0,256
939,0.0,256
940,0.0,256
941,0.0,256
942,0.0,256
943,0.0,256
944,0.0,256
945,0.0,256
946,0.0,256
947,0.0,256
948,0.0,256
949,0.0,256
950,0.0,256
951,0.0,256
952,0.0,256
953,0.0,256
954,0.0,256
955,0.0,256
956,0.0,256
957,0.0,256
958,0.0,256
959,0.0,256
960,0.0,256
961,0.0,256
962,0.0,256
963,0.0,256
964,0.0,256
965,0.0,256
966,0.0,256
967,0.0,256
968,0.0,256
969,0.0,256
970,0.0,256
971,0.0,256
972,0.0,256
973,0.0,256
974,0.0,256
975,0.0,256
976,0.0,256
977,0.0,256
978,0.0,256
979,0.0,256
980,0.0,256
981,0.0,256
982,0.0,256
983,0.0,256
984,0.0,256
985,0.0,256
986,0.0,256
987,0.0,256
988,0.0,256
989,0.0,256
990,0.0,256
991,0.0,256
992,0.0,256
993,0.0,256
994,0.0,256
995,0.0,256
996,0.0,256
997,0.0,256
998,0.0,256
999,0.0,256
1000,0.0,256
1001,0.0,256
1002,0.0,256
1003,0.0,256
1004,0.0,256
1005,0.0,256
1006,0.0,256
1007,0.0,256
1008,0.0,256
1009,0.0,256
1010,0.0,256
1011,0.0,256
1012,0.0,256
1013,0.0,256
1014,0.0,256
1015,0.0,256
1016,0.0,256
1017,0.0,256
1018,0.0,256
1019,0.0,256
1020,0.0,256
1021,0.0,256
1022,0.0,256
1023,0.0,256
1024,0.0,256
1025,0.0,256
1026,0.0,256
1027,0.0,256
1028,0.0,256
1029,0.0,256
1030,0.0,256
1031,0.0,256
1032,0.0,256
1033,0.0,256
1034,0.0,256
1035,0.0,256
1036,0.0,256
1037,0.0,256
1038,0.0,256
1039,0.0,256
1040,0.0,256
1041,0.0,256
1042,0.0,256
1043,0.0,256
1044,0.0,256
1045,0.0,256
1046,0.0,256
1047,0.0,256
1048,0.0,256
1049,0.0,256
1050,0.0,256
1051,0.0,256
1052,0.0,256
1053,0.0,256
1054,0.0,256
1055,0.0,256
1056,0.0,256
1057,0.0,256
1058,0.0,256
1059,0.0,256
1060,0.0,256
1061,0.0,256
1062,0.0,256
1063,0.0,256
1064,0.0,256
1065,0.0,256
1066,0.0,256
1067,0.0,256
1068,0.0,256
1069,0.0,256
1070,0.0,256
1071,0.0,256
1072,0.0,256
1073,0.0,256
1074,0.0,256
1075,0.0,256
1076,0.0,256
1077,0.0,256
1078,0.0,256
1079,0.0,256
1080,0.0,256
1081,0.0,256
1082,0.0,256
1083,0.0,256
1084,0.0,256
1085,0.0,256
1086,0.0,256
1087,0.0,256
1088,0.0,256
1089,0.0,256
1090,0.0,256
1091,0.0,256
1092,0.0,256
1093,0.0,256
1094,0.0,256
1095,0.0,256
1096,0.0,256
1097,0.0,256
1098,0.0,256
1099,0.0,256
1100,0.0,256
1101,0.0,256
1102,0.0,256
1103,0.0,256
1104,0.0,256
1105,0.0,256
1106,0.0,256
1107,0.0,256
1108,0.0,256
1109,0.0,256
1110,0.0,256
1111,0.0,256
1112,0.0,256
1113,0.0,256
1114,0.0,256
1115,0.0,256
1116,0.0,256
1117,0.0,256
1118,0.0,256
1119,0.0,256
1120,0.0,256
1121,0.0,256
1122,0.0,256
1123,0.0,256
1124,0.0,256
1125,0.0,256
1126,0.0,256
1127,0.0,256
1128,0.0,256
1129,0.0,256
1130,0.0,256
1131,0.0,256
1132,0.0,256
1133,0.0,256
1134,0.0,256
1135,0.0,256
1136,0.0,256
1137,0.0,256
1138,0.0,256
1139,0.0,256
1140,0.0,256
1141,0.0,256
1142,0.0,256
1143,0.0,256
1144,0.0,256
1145,0.0,256
1146,0.0,256
1147,0.0,256
1148,0.0,256
1149,0.0,256
1150,0.0,256
1151,0.0,256
1152,0.0,256
1153,0.0,256
1154,0.0,256
1155,0.0,256
1156,0.0,256
1157,0.0,256
1158,0.0,256
1159,0.0,256
1160,0.0,256
1161,0.0,256
1162,0.0,256
1163,0.0,256
1164,0.0,256
1165,0.0,256
1166,0.0,256
1167,0.0,256
1168,0.0,256
1169,0.0,256
1170,0.0,256
1171,0.0,256
1172,0.0,256
1173,0.0,256
1174,0.0,256
1175,0.0,256
1176,0.0,256
1177,0.0,256
1178,0.0,256
1179,0.0,256
1180,0.0,256
1181,0.0,256
1182,0.0,256
1183,0.0,256
1184,0.0,256
1185,0.0,256
1186,0.0,256
1187,0.0,256
1188,0.0,256
1189,0.0,256
1190,0.0,256
1191,0.0,256
1192,0.0,256
1193,0.0,256
1194,0.0,256
1195,0.0,256
1196,0.0,256
1197,0.0,256
1198,0.0,256
1199,0.0,256
1200,0.0,256
1201,0.0,256
1202,0.0,256
1203,0.0,256
1204,0.0,256
1205,0.0,256
1206,0.0,256
1207,0.0,256
1208,0.0,256
1209,0.0,256
1210,0.0,256
1211,0.0,256
1212,0.0,256
1213,0.0,256
1214,0.0,256
1215,0.0,256
1216,0.0,256
1217,0.0,256
1218,0.0,256
1219,0.0,256
1220,0.0,256
1221,0.0,256
1222,0.0,256
1223,0.0,256
1224,0.0,256
1225,0.0,256
1226,0.0,256
1227,0.0,256
1228,0.0,256
1229,0.0,256
1230,0.0,256
1231,0.0,256
1232,0.0,256
1233,0.0,256
1234,0.0,256
1235,0.0,256
1236,0.0,256
1237,0.0,256
1238,0.0,256
1239,0.0,256
1240,0.0,256
1241,0.0,256
1242,0.0,256
1243,0.0,256
1244,0.0,256
1245,0.0,256
1246,0.0,256
1247,0.0,256
1248,0.0,256
1249,0.0,256
1250,0.0,256
1251,0.0,256
1252,0.0,256
1253,0.0,256
1254,0.0,256
1255,0.0,256
1256,0.0,256
1257,0.0,256
1258,0.0,256
1259,0.0,256
1260,0.0,256
1261,0.0,256
1262,0.0,256
1263,0.0,256
1264,0.0,256
1265,0.0,256
1266,0.0,256
1267,0.0,256
1268,0.0,256
1269,0.0,256
1270,0.0,256
1271,0.0,256
1272,0.0,256
1273,0.0,256
1274,0.0,256
1275,0.0,256
1276,0.0,256
1277,0.0,256
1278,0.0,256
1279,0.0,256
1280,0.0,256
1281,0.0,256
1282,0.0,256
1283,0.0,256
1284,0.0,256
1285,0.0,256
1286,0.0,256
1287,0.0,256
1288,0.0,256
1289,0.0,256
1290,0.0,256
1291,0.0,256
1292,0.0,256
1293,0.0,256
1294,0.0,256
1295,0.0,256
1296,0.0,256
1297,0.0,256
1298,0.0,256
1299,0.0,256
1300,0.0,256
1301,0.0,256
1302,0.0,256
1303,0.0,256
1304,0.0,256
1305,0.0,256
1306,0.0,256
1307,0.0,256
1308,0.0,256
1309,0.0,256
1310,0.0,256
1311,0.0,256
1312,0.0,256
1313,0.0,256
1314,0.0,256
1315,0.0,256
1316,0.0,256
1317,0.0,256
1318,0.0,256
1319,0.0,256
1320,0.0,256
1321,0.0,256
1322,0.0,256
1323,0.0,256
1324,0.0,256
1325,0.0,256
1326,0.0,256
1327,0.0,256
1328,0.0,256
1329,0.0,256
1330,0.0,256
1331,0.0,256
1332,0.0,256
1333,0.0,256
1334,0.0,256
1335,0.0,256
1336,0.0,256
1337,0.0,256
1338,0.0,256
1339,0.0,256
1340,0.0,256
1341,0.0,256
1342,0.0,256
1343,0.0,256
1344,0.0,256
1345,0.0,256
1346,0.0,256
1347,0.0,256
1348,0.0,256
1349,0.0,256
1350,0.0,256
1351,0.0,256
1352,0.0,256
1353,0.0,256
1354,0.0,256
1355,0.0,256
1356,0.0,256
1357,0.0,256
1358,0.0,256
1359,0.0,256
1360,0.0,256
1361,0.0,256
1362,0.0,256
1363,0.0,256
1364,0.0,256
1365,0.0,256
1366,0.0,256
1367,0.0,256
1368,0.0,256
1369,0.0,256
1370,0.0,256
1371,0.0,256
1372,0.0,256
1373,0.0,256
1374,0.0,256
1375,0.0,256
1376,0.0,256
1377,0.0,256
1378,0.0,256
1379,0.0,256
1380,0.0,256
1381,0.0,256
1382,0.0,256
1383,0.0,256
1384,0.0,256
1385,0.0,256
1386,0.0,256
1387,0.0,256
1388,0.0,256
1389,0.0,256
1390,0.0,256
1391,0.0,256
1392,0.0,256
1393,0.0,256
1394,0.0,256
1395,0.0,256
1396,0.0,256
1397,0.0,256
1398,0.0,256
1399,0.0,256
1400,0.37773437499999996,179
1401,0.0,256
1402,0.0,256
1403,0.0,256
1404,0.0,256
1405,0.0,256
1406,0.0,256
1407,0.0,256
1408,0.0,256
1409,0.0,256
1410,0.0,256
1411,0.0,256
1412,0.0,256
1413,0.0,256
1414,0.0,256
1415,0.0,256
1416,0.0,256
1417,0.0,256
1418,0.0,256
1419,0.0,256
1420,0.0,256
1421,0.0,256
1422,0.0,256
1423,0.0,256
1424,0.0,256
1425,0.0,256
1426,0.0,256
1427,0.0,256
1428,0.0,256
1429,0.0,256
1430,0.0,256
1431,0.0,256
1432,0.0,256
1433,0.0,256
1434,0.0,256
1435,0.0,256
1436,0.0,256
1437,0.0,256
1438,0.0,256
1439,0.0,256
1440,0.0,256
1441,0.0,256
1442,0.0,256
1443,0.0,256
1444,0.0,256
1445,0.0,256
1446,0.0,256
1447,0.0,256
1448,0.0,256
1449,0.0,256
1450,0.0,256
1451,0.0,256
1452,0.0,256
1453,0.0,256
1454,0.0,256
1455,0.0,256
1456,0.0,256
1457,0.0,256
1458,0.0,256
1459,0.0,256
1460,0.0,256
1461,0.0,256
1462,0.0,256
1463,0.0,256
1464,0.0,256
1465,0.0,256
1466,0.0,256
1467,0.0,256
1468,0.0,256
1469,0.0,256
1470,0.0,256
1471,0.0,256
1472,0.0,256
1473,0.0,256
1474,0.0,256
1475,0.0,256
1476,0.0,256
1477,0.0,256
1478,0.0,256
1479,0.0,256
1480,0.0,256
1481,0.0,256
1482,0.0,256
1483,0.0,256
1484,0.0,256
1485,0.0,256
1486,0.0,256
1487,0.0,256
1488,0.0,256
1489,0.0,256
1490,0.0,256
1491,0.0,256
1492,0.0,256
1493,0.0,256
1494,0.0,256
1495,0.0,256
1496,0.0,256
1497,0.0,256
1498,0.0,256
1499,0.0,256
